{"cameraMode":{"drawMode":0,"name":"Shaded","section":"Shading Mode"},"sceneLighting":false,"audioPlay":false,"sceneViewState":{"showFog":true,"showMaterialUpdate":false,"showSkybox":false,"showFlares":true,"showImageEffects":true,"showParticleSystems":true},"in2DMode":false,"pivot":{"x":-6.310999870300293,"y":0.26015013456344607,"z":0.33899998664855959},"rotation":{"x":0.197566956281662,"y":-0.6306391358375549,"z":0.17046767473220826,"w":0.7308924198150635},"size":1.8917216062545777,"orthographic":false}